[{"model": "admin.logentry", "pk": 1, "fields": {"action_time": "2023-11-22T17:37:21.755Z", "user": 1, "content_type": 9, "object_id": "1", "object_repr": "Station object (1)", "action_flag": 1, "change_message": "[{\"added\": {}}]"}}, {"model": "admin.logentry", "pk": 2, "fields": {"action_time": "2023-11-22T17:44:25.317Z", "user": 1, "content_type": 9, "object_id": "2", "object_repr": "Station object (2)", "action_flag": 1, "change_message": "[{\"added\": {}}]"}}, {"model": "admin.logentry", "pk": 3, "fields": {"action_time": "2023-11-22T17:47:23.238Z", "user": 1, "content_type": 9, "object_id": "3", "object_repr": "Station object (3)", "action_flag": 1, "change_message": "[{\"added\": {}}]"}}, {"model": "admin.logentry", "pk": 4, "fields": {"action_time": "2023-11-22T17:47:30.623Z", "user": 1, "content_type": 9, "object_id": "4", "object_repr": "Station object (4)", "action_flag": 1, "change_message": "[{\"added\": {}}]"}}, {"model": "admin.logentry", "pk": 5, "fields": {"action_time": "2023-11-22T17:47:40.662Z", "user": 1, "content_type": 9, "object_id": "5", "object_repr": "Station object (5)", "action_flag": 1, "change_message": "[{\"added\": {}}]"}}, {"model": "admin.logentry", "pk": 6, "fields": {"action_time": "2023-11-22T18:03:20.249Z", "user": 1, "content_type": 9, "object_id": "6", "object_repr": "Station object (6)", "action_flag": 1, "change_message": "[{\"added\": {}}]"}}, {"model": "admin.logentry", "pk": 7, "fields": {"action_time": "2023-11-22T18:03:27.584Z", "user": 1, "content_type": 9, "object_id": "7", "object_repr": "Station object (7)", "action_flag": 1, "change_message": "[{\"added\": {}}]"}}, {"model": "admin.logentry", "pk": 8, "fields": {"action_time": "2023-11-22T18:03:35.012Z", "user": 1, "content_type": 9, "object_id": "8", "object_repr": "Station object (8)", "action_flag": 1, "change_message": "[{\"added\": {}}]"}}, {"model": "admin.logentry", "pk": 9, "fields": {"action_time": "2023-11-22T18:16:56.630Z", "user": 1, "content_type": 7, "object_id": "1", "object_repr": "Discount object (1)", "action_flag": 1, "change_message": "[{\"added\": {}}]"}}, {"model": "admin.logentry", "pk": 10, "fields": {"action_time": "2023-11-22T18:17:08.797Z", "user": 1, "content_type": 8, "object_id": "1", "object_repr": "Fuel object (1)", "action_flag": 1, "change_message": "[{\"added\": {}}]"}}, {"model": "admin.logentry", "pk": 11, "fields": {"action_time": "2023-11-22T18:17:44.124Z", "user": 1, "content_type": 10, "object_id": "1", "object_repr": "Transaction object (1)", "action_flag": 1, "change_message": "[{\"added\": {}}]"}}, {"model": "admin.logentry", "pk": 12, "fields": {"action_time": "2023-11-22T18:17:58.003Z", "user": 1, "content_type": 10, "object_id": "2", "object_repr": "Transaction object (2)", "action_flag": 1, "change_message": "[{\"added\": {}}]"}}, {"model": "admin.logentry", "pk": 13, "fields": {"action_time": "2023-11-22T18:18:07.630Z", "user": 1, "content_type": 10, "object_id": "3", "object_repr": "Transaction object (3)", "action_flag": 1, "change_message": "[{\"added\": {}}]"}}, {"model": "admin.logentry", "pk": 14, "fields": {"action_time": "2023-11-22T18:18:21.004Z", "user": 1, "content_type": 10, "object_id": "4", "object_repr": "Transaction object (4)", "action_flag": 1, "change_message": "[{\"added\": {}}]"}}, {"model": "admin.logentry", "pk": 15, "fields": {"action_time": "2023-11-22T18:18:31.311Z", "user": 1, "content_type": 10, "object_id": "5", "object_repr": "Transaction object (5)", "action_flag": 1, "change_message": "[{\"added\": {}}]"}}, {"model": "admin.logentry", "pk": 16, "fields": {"action_time": "2023-11-22T18:18:44.178Z", "user": 1, "content_type": 10, "object_id": "6", "object_repr": "Transaction object (6)", "action_flag": 1, "change_message": "[{\"added\": {}}]"}}, {"model": "admin.logentry", "pk": 17, "fields": {"action_time": "2023-11-22T18:18:53.438Z", "user": 1, "content_type": 10, "object_id": "7", "object_repr": "Transaction object (7)", "action_flag": 1, "change_message": "[{\"added\": {}}]"}}, {"model": "admin.logentry", "pk": 18, "fields": {"action_time": "2023-11-22T18:19:05.761Z", "user": 1, "content_type": 10, "object_id": "8", "object_repr": "Transaction object (8)", "action_flag": 1, "change_message": "[{\"added\": {}}]"}}, {"model": "admin.logentry", "pk": 19, "fields": {"action_time": "2023-11-22T18:19:14.705Z", "user": 1, "content_type": 10, "object_id": "9", "object_repr": "Transaction object (9)", "action_flag": 1, "change_message": "[{\"added\": {}}]"}}, {"model": "admin.logentry", "pk": 20, "fields": {"action_time": "2023-11-22T18:19:23.917Z", "user": 1, "content_type": 10, "object_id": "10", "object_repr": "Transaction object (10)", "action_flag": 1, "change_message": "[{\"added\": {}}]"}}, {"model": "admin.logentry", "pk": 21, "fields": {"action_time": "2023-11-22T18:35:13.103Z", "user": 1, "content_type": 8, "object_id": "2", "object_repr": "Fuel object (2)", "action_flag": 1, "change_message": "[{\"added\": {}}]"}}, {"model": "admin.logentry", "pk": 22, "fields": {"action_time": "2023-11-22T18:35:20.020Z", "user": 1, "content_type": 8, "object_id": "3", "object_repr": "Fuel object (3)", "action_flag": 1, "change_message": "[{\"added\": {}}]"}}, {"model": "admin.logentry", "pk": 23, "fields": {"action_time": "2023-11-22T18:35:26.716Z", "user": 1, "content_type": 8, "object_id": "4", "object_repr": "Fuel object (4)", "action_flag": 1, "change_message": "[{\"added\": {}}]"}}, {"model": "admin.logentry", "pk": 24, "fields": {"action_time": "2023-11-23T13:19:39.435Z", "user": 1, "content_type": 10, "object_id": "10", "object_repr": "2023-11-22 18:19:23.916244+00:00: total 190.00$|Diesel", "action_flag": 2, "change_message": "[{\"changed\": {\"fields\": [\"Amount\"]}}]"}}, {"model": "admin.logentry", "pk": 25, "fields": {"action_time": "2023-11-23T13:23:39.648Z", "user": 1, "content_type": 10, "object_id": "10", "object_repr": "2023-11-22 18:19:23.916244+00:00: total 270.0000$|Diesel", "action_flag": 2, "change_message": "[{\"changed\": {\"fields\": [\"Amount\"]}}]"}}, {"model": "admin.logentry", "pk": 26, "fields": {"action_time": "2023-11-24T06:02:58.658Z", "user": 1, "content_type": 6, "object_id": "2", "object_repr": "Test ( )", "action_flag": 3, "change_message": ""}}, {"model": "admin.logentry", "pk": 27, "fields": {"action_time": "2023-11-24T06:03:17.880Z", "user": 1, "content_type": 8, "object_id": "4", "object_repr": "98 Petrol: 100.00$\\litre", "action_flag": 3, "change_message": ""}}, {"model": "admin.logentry", "pk": 28, "fields": {"action_time": "2023-11-24T06:03:17.880Z", "user": 1, "content_type": 8, "object_id": "3", "object_repr": "92 Petrol: 100.00$\\litre", "action_flag": 3, "change_message": ""}}, {"model": "admin.logentry", "pk": 29, "fields": {"action_time": "2023-11-24T06:03:17.880Z", "user": 1, "content_type": 8, "object_id": "2", "object_repr": "95 Petrol: 100.00$\\litre", "action_flag": 3, "change_message": ""}}, {"model": "admin.logentry", "pk": 30, "fields": {"action_time": "2023-11-24T06:03:17.885Z", "user": 1, "content_type": 8, "object_id": "1", "object_repr": "Diesel: 100.00$\\litre", "action_flag": 3, "change_message": ""}}, {"model": "admin.logentry", "pk": 31, "fields": {"action_time": "2023-11-24T06:03:28.015Z", "user": 1, "content_type": 7, "object_id": "2", "object_repr": "20.00%: sadasdasd", "action_flag": 3, "change_message": ""}}, {"model": "admin.logentry", "pk": 32, "fields": {"action_time": "2023-11-24T06:04:45.385Z", "user": 1, "content_type": 9, "object_id": "11", "object_repr": "123123123", "action_flag": 3, "change_message": ""}}, {"model": "admin.logentry", "pk": 33, "fields": {"action_time": "2023-11-24T06:04:45.387Z", "user": 1, "content_type": 9, "object_id": "10", "object_repr": "123123321", "action_flag": 3, "change_message": ""}}, {"model": "admin.logentry", "pk": 34, "fields": {"action_time": "2023-11-24T06:04:45.388Z", "user": 1, "content_type": 9, "object_id": "9", "object_repr": "312312312", "action_flag": 3, "change_message": ""}}, {"model": "admin.logentry", "pk": 35, "fields": {"action_time": "2023-11-24T06:04:45.390Z", "user": 1, "content_type": 9, "object_id": "8", "object_repr": "sghsdh", "action_flag": 3, "change_message": ""}}, {"model": "admin.logentry", "pk": 36, "fields": {"action_time": "2023-11-24T06:04:45.390Z", "user": 1, "content_type": 9, "object_id": "7", "object_repr": "sdgsdg", "action_flag": 3, "change_message": ""}}, {"model": "admin.logentry", "pk": 37, "fields": {"action_time": "2023-11-24T06:04:45.391Z", "user": 1, "content_type": 9, "object_id": "6", "object_repr": "sdsdfg", "action_flag": 3, "change_message": ""}}, {"model": "admin.logentry", "pk": 38, "fields": {"action_time": "2023-11-24T06:04:45.392Z", "user": 1, "content_type": 9, "object_id": "2", "object_repr": "321", "action_flag": 3, "change_message": ""}}, {"model": "admin.logentry", "pk": 39, "fields": {"action_time": "2023-11-24T06:04:45.393Z", "user": 1, "content_type": 9, "object_id": "1", "object_repr": "Test Update", "action_flag": 3, "change_message": ""}}, {"model": "admin.logentry", "pk": 40, "fields": {"action_time": "2023-11-24T06:07:17.713Z", "user": 1, "content_type": 10, "object_id": "10", "object_repr": "2023-11-22 18:19:23.916244+00:00: total 270.00$|Deprecated fuel type", "action_flag": 3, "change_message": ""}}, {"model": "admin.logentry", "pk": 41, "fields": {"action_time": "2023-11-24T06:07:17.715Z", "user": 1, "content_type": 10, "object_id": "9", "object_repr": "2023-11-22 18:19:14.704960+00:00: total 100.00$|Deprecated fuel type", "action_flag": 3, "change_message": ""}}, {"model": "admin.logentry", "pk": 42, "fields": {"action_time": "2023-11-24T06:07:17.716Z", "user": 1, "content_type": 10, "object_id": "8", "object_repr": "2023-11-22 18:19:05.760756+00:00: total 100.00$|Deprecated fuel type", "action_flag": 3, "change_message": ""}}, {"model": "admin.logentry", "pk": 43, "fields": {"action_time": "2023-11-24T06:07:17.717Z", "user": 1, "content_type": 10, "object_id": "7", "object_repr": "2023-11-22 18:18:53.437048+00:00: total 100.00$|Deprecated fuel type", "action_flag": 3, "change_message": ""}}, {"model": "admin.logentry", "pk": 44, "fields": {"action_time": "2023-11-24T06:07:17.718Z", "user": 1, "content_type": 10, "object_id": "6", "object_repr": "2023-11-22 18:18:44.177995+00:00: total 100.00$|Deprecated fuel type", "action_flag": 3, "change_message": ""}}, {"model": "admin.logentry", "pk": 45, "fields": {"action_time": "2023-11-24T06:07:17.719Z", "user": 1, "content_type": 10, "object_id": "5", "object_repr": "2023-11-22 18:18:31.310553+00:00: total 100.00$|Deprecated fuel type", "action_flag": 3, "change_message": ""}}, {"model": "admin.logentry", "pk": 46, "fields": {"action_time": "2023-11-24T06:07:17.720Z", "user": 1, "content_type": 10, "object_id": "4", "object_repr": "2023-11-22 18:18:21.002729+00:00: total 100.00$|Deprecated fuel type", "action_flag": 3, "change_message": ""}}, {"model": "admin.logentry", "pk": 47, "fields": {"action_time": "2023-11-24T06:07:17.721Z", "user": 1, "content_type": 10, "object_id": "3", "object_repr": "2023-11-22 18:18:07.629188+00:00: total 100.00$|Deprecated fuel type", "action_flag": 3, "change_message": ""}}, {"model": "admin.logentry", "pk": 48, "fields": {"action_time": "2023-11-24T06:07:17.722Z", "user": 1, "content_type": 10, "object_id": "2", "object_repr": "2023-11-22 18:17:58.002194+00:00: total 100.00$|Deprecated fuel type", "action_flag": 3, "change_message": ""}}, {"model": "admin.logentry", "pk": 49, "fields": {"action_time": "2023-11-24T06:07:17.723Z", "user": 1, "content_type": 10, "object_id": "1", "object_repr": "2023-11-22 18:17:44.123952+00:00: total 10000.00$|Deprecated fuel type", "action_flag": 3, "change_message": ""}}, {"model": "admin.logentry", "pk": 50, "fields": {"action_time": "2023-11-24T06:07:28.349Z", "user": 1, "content_type": 9, "object_id": "11", "object_repr": "123123123", "action_flag": 3, "change_message": ""}}, {"model": "admin.logentry", "pk": 51, "fields": {"action_time": "2023-11-24T06:07:28.350Z", "user": 1, "content_type": 9, "object_id": "10", "object_repr": "123123321", "action_flag": 3, "change_message": ""}}, {"model": "admin.logentry", "pk": 52, "fields": {"action_time": "2023-11-24T06:07:28.352Z", "user": 1, "content_type": 9, "object_id": "9", "object_repr": "312312312", "action_flag": 3, "change_message": ""}}, {"model": "admin.logentry", "pk": 53, "fields": {"action_time": "2023-11-24T06:07:28.353Z", "user": 1, "content_type": 9, "object_id": "8", "object_repr": "sghsdh", "action_flag": 3, "change_message": ""}}, {"model": "admin.logentry", "pk": 54, "fields": {"action_time": "2023-11-24T06:07:28.354Z", "user": 1, "content_type": 9, "object_id": "7", "object_repr": "sdgsdg", "action_flag": 3, "change_message": ""}}, {"model": "admin.logentry", "pk": 55, "fields": {"action_time": "2023-11-24T06:07:28.354Z", "user": 1, "content_type": 9, "object_id": "6", "object_repr": "sdsdfg", "action_flag": 3, "change_message": ""}}, {"model": "admin.logentry", "pk": 56, "fields": {"action_time": "2023-11-24T06:07:28.355Z", "user": 1, "content_type": 9, "object_id": "2", "object_repr": "321", "action_flag": 3, "change_message": ""}}, {"model": "admin.logentry", "pk": 57, "fields": {"action_time": "2023-11-24T06:07:28.356Z", "user": 1, "content_type": 9, "object_id": "1", "object_repr": "Test Update", "action_flag": 3, "change_message": ""}}, {"model": "admin.logentry", "pk": 58, "fields": {"action_time": "2023-11-24T06:08:50.224Z", "user": 1, "content_type": 9, "object_id": "14", "object_repr": "Проспект Льва Ландау, 155б, Харків, Харківська область", "action_flag": 2, "change_message": "[{\"changed\": {\"fields\": [\"Managers\", \"Image\"]}}]"}}, {"model": "admin.logentry", "pk": 59, "fields": {"action_time": "2023-11-24T06:09:23.297Z", "user": 1, "content_type": 9, "object_id": "12", "object_repr": "Вулиця Валентинівська, 2а, Харків, Харківська область", "action_flag": 2, "change_message": "[{\"changed\": {\"fields\": [\"Managers\", \"Image\"]}}]"}}, {"model": "admin.logentry", "pk": 60, "fields": {"action_time": "2023-11-24T06:09:37.272Z", "user": 1, "content_type": 9, "object_id": "13", "object_repr": "Вулиця Матюшенка, 13, Харків, Харківська область", "action_flag": 2, "change_message": "[{\"changed\": {\"fields\": [\"Managers\", \"Image\"]}}]"}}, {"model": "auth.permission", "pk": 1, "fields": {"name": "Can add log entry", "content_type": 1, "codename": "add_logentry"}}, {"model": "auth.permission", "pk": 2, "fields": {"name": "Can change log entry", "content_type": 1, "codename": "change_logentry"}}, {"model": "auth.permission", "pk": 3, "fields": {"name": "Can delete log entry", "content_type": 1, "codename": "delete_logentry"}}, {"model": "auth.permission", "pk": 4, "fields": {"name": "Can view log entry", "content_type": 1, "codename": "view_logentry"}}, {"model": "auth.permission", "pk": 5, "fields": {"name": "Can add permission", "content_type": 2, "codename": "add_permission"}}, {"model": "auth.permission", "pk": 6, "fields": {"name": "Can change permission", "content_type": 2, "codename": "change_permission"}}, {"model": "auth.permission", "pk": 7, "fields": {"name": "Can delete permission", "content_type": 2, "codename": "delete_permission"}}, {"model": "auth.permission", "pk": 8, "fields": {"name": "Can view permission", "content_type": 2, "codename": "view_permission"}}, {"model": "auth.permission", "pk": 9, "fields": {"name": "Can add group", "content_type": 3, "codename": "add_group"}}, {"model": "auth.permission", "pk": 10, "fields": {"name": "Can change group", "content_type": 3, "codename": "change_group"}}, {"model": "auth.permission", "pk": 11, "fields": {"name": "Can delete group", "content_type": 3, "codename": "delete_group"}}, {"model": "auth.permission", "pk": 12, "fields": {"name": "Can view group", "content_type": 3, "codename": "view_group"}}, {"model": "auth.permission", "pk": 13, "fields": {"name": "Can add content type", "content_type": 4, "codename": "add_contenttype"}}, {"model": "auth.permission", "pk": 14, "fields": {"name": "Can change content type", "content_type": 4, "codename": "change_contenttype"}}, {"model": "auth.permission", "pk": 15, "fields": {"name": "Can delete content type", "content_type": 4, "codename": "delete_contenttype"}}, {"model": "auth.permission", "pk": 16, "fields": {"name": "Can view content type", "content_type": 4, "codename": "view_contenttype"}}, {"model": "auth.permission", "pk": 17, "fields": {"name": "Can add session", "content_type": 5, "codename": "add_session"}}, {"model": "auth.permission", "pk": 18, "fields": {"name": "Can change session", "content_type": 5, "codename": "change_session"}}, {"model": "auth.permission", "pk": 19, "fields": {"name": "Can delete session", "content_type": 5, "codename": "delete_session"}}, {"model": "auth.permission", "pk": 20, "fields": {"name": "Can view session", "content_type": 5, "codename": "view_session"}}, {"model": "auth.permission", "pk": 21, "fields": {"name": "Can add user", "content_type": 6, "codename": "add_manager"}}, {"model": "auth.permission", "pk": 22, "fields": {"name": "Can change user", "content_type": 6, "codename": "change_manager"}}, {"model": "auth.permission", "pk": 23, "fields": {"name": "Can delete user", "content_type": 6, "codename": "delete_manager"}}, {"model": "auth.permission", "pk": 24, "fields": {"name": "Can view user", "content_type": 6, "codename": "view_manager"}}, {"model": "auth.permission", "pk": 25, "fields": {"name": "Can add discount", "content_type": 7, "codename": "add_discount"}}, {"model": "auth.permission", "pk": 26, "fields": {"name": "Can change discount", "content_type": 7, "codename": "change_discount"}}, {"model": "auth.permission", "pk": 27, "fields": {"name": "Can delete discount", "content_type": 7, "codename": "delete_discount"}}, {"model": "auth.permission", "pk": 28, "fields": {"name": "Can view discount", "content_type": 7, "codename": "view_discount"}}, {"model": "auth.permission", "pk": 29, "fields": {"name": "Can add fuel", "content_type": 8, "codename": "add_fuel"}}, {"model": "auth.permission", "pk": 30, "fields": {"name": "Can change fuel", "content_type": 8, "codename": "change_fuel"}}, {"model": "auth.permission", "pk": 31, "fields": {"name": "Can delete fuel", "content_type": 8, "codename": "delete_fuel"}}, {"model": "auth.permission", "pk": 32, "fields": {"name": "Can view fuel", "content_type": 8, "codename": "view_fuel"}}, {"model": "auth.permission", "pk": 33, "fields": {"name": "Can add station", "content_type": 9, "codename": "add_station"}}, {"model": "auth.permission", "pk": 34, "fields": {"name": "Can change station", "content_type": 9, "codename": "change_station"}}, {"model": "auth.permission", "pk": 35, "fields": {"name": "Can delete station", "content_type": 9, "codename": "delete_station"}}, {"model": "auth.permission", "pk": 36, "fields": {"name": "Can view station", "content_type": 9, "codename": "view_station"}}, {"model": "auth.permission", "pk": 37, "fields": {"name": "Can add transaction", "content_type": 10, "codename": "add_transaction"}}, {"model": "auth.permission", "pk": 38, "fields": {"name": "Can change transaction", "content_type": 10, "codename": "change_transaction"}}, {"model": "auth.permission", "pk": 39, "fields": {"name": "Can delete transaction", "content_type": 10, "codename": "delete_transaction"}}, {"model": "auth.permission", "pk": 40, "fields": {"name": "Can view transaction", "content_type": 10, "codename": "view_transaction"}}, {"model": "contenttypes.contenttype", "pk": 1, "fields": {"app_label": "admin", "model": "logentry"}}, {"model": "contenttypes.contenttype", "pk": 2, "fields": {"app_label": "auth", "model": "permission"}}, {"model": "contenttypes.contenttype", "pk": 3, "fields": {"app_label": "auth", "model": "group"}}, {"model": "contenttypes.contenttype", "pk": 4, "fields": {"app_label": "contenttypes", "model": "contenttype"}}, {"model": "contenttypes.contenttype", "pk": 5, "fields": {"app_label": "sessions", "model": "session"}}, {"model": "contenttypes.contenttype", "pk": 6, "fields": {"app_label": "stations", "model": "manager"}}, {"model": "contenttypes.contenttype", "pk": 7, "fields": {"app_label": "stations", "model": "discount"}}, {"model": "contenttypes.contenttype", "pk": 8, "fields": {"app_label": "stations", "model": "fuel"}}, {"model": "contenttypes.contenttype", "pk": 9, "fields": {"app_label": "stations", "model": "station"}}, {"model": "contenttypes.contenttype", "pk": 10, "fields": {"app_label": "stations", "model": "transaction"}}, {"model": "sessions.session", "pk": "okj65qd7dfowogs2aipj8ukuprvsduey", "fields": {"session_data": ".eJxVjLsOgkAUBf9la7PZ113B0p5vIPeFoGZJWKiM_64kFNqemTkv0-O2jv1WdeknMRfjzel3I-SHlh3IHctttjyXdZnI7oo9aLXdLPq8Hu7fwYh1_NYcHbRnFibfpEDYDBi8jwGYkwOGhlRiUlCIKK2QZhqcMibyObswmPcH9Bo4pg:1r6OJu:wNrytZhWw4mMZ2Dexf5Lhn_Jrxvl_XgqDoH9z_dTz1s", "expire_date": "2023-12-08T05:01:38.257Z"}}, {"model": "stations.manager", "pk": 1, "fields": {"password": "pbkdf2_sha256$600000$E65L62iOqjwuGhAqEPtBZT$vVD20cOwJM/80nhyIaxCsa0psYzBhLmfYxnRwsY8Mfs=", "last_login": "2023-11-24T05:01:38.255Z", "is_superuser": true, "username": "admin", "first_name": "ad", "last_name": "min", "email": "admin@admin.com", "is_staff": true, "is_active": true, "date_joined": "2023-11-22T16:16:10.372Z", "groups": [], "user_permissions": []}}, {"model": "stations.manager", "pk": 4, "fields": {"password": "pbkdf2_sha256$600000$0TJRNMfD9kwFAh7aeWSx7y$jR+9/3aQt3arnQUkxhAOahtQCpgKU3iKr955S6vvixE=", "last_login": null, "is_superuser": false, "username": "Manager1", "first_name": "John", "last_name": "Doe", "email": "manager1@gmail.com", "is_staff": false, "is_active": true, "date_joined": "2023-11-24T06:01:40.057Z", "groups": [], "user_permissions": []}}, {"model": "stations.manager", "pk": 5, "fields": {"password": "pbkdf2_sha256$600000$CXTIP8AmQHHAWiDq7rfqsS$LJSuesnraL5r7qwc6LOObYiJ+KCL2zOcCJ/NDp66Ydg=", "last_login": null, "is_superuser": false, "username": "Manager2", "first_name": "George", "last_name": "Pork", "email": "manager2@gmail.com", "is_staff": false, "is_active": true, "date_joined": "2023-11-24T06:01:40.478Z", "groups": [], "user_permissions": []}}, {"model": "stations.manager", "pk": 6, "fields": {"password": "pbkdf2_sha256$600000$LQqNcPUJgrUQelrdRhVFxM$LZFDRhxlOk2fIYMKe2nnBcL2Nip6L2vLgjdNQUvwHuo=", "last_login": null, "is_superuser": false, "username": "Manager3", "first_name": "Joanne", "last_name": "Doe", "email": "manager3@gmail.com", "is_staff": false, "is_active": true, "date_joined": "2023-11-24T06:01:40.892Z", "groups": [], "user_permissions": []}}, {"model": "stations.manager", "pk": 7, "fields": {"password": "pbkdf2_sha256$600000$1fOH6K2i7fKJAJDcU97BJO$M9H/RwatewCNYrVd/MvXsX4+nvfRJs4IGW3LYhPi3DA=", "last_login": null, "is_superuser": false, "username": "Manager4", "first_name": "Ryan", "last_name": "Gosling", "email": "manager4@gmail.com", "is_staff": false, "is_active": true, "date_joined": "2023-11-24T06:01:41.335Z", "groups": [], "user_permissions": []}}, {"model": "stations.fuel", "pk": 6, "fields": {"name": "A-95+", "price": "57.77"}}, {"model": "stations.fuel", "pk": 7, "fields": {"name": "A-95", "price": "54.62"}}, {"model": "stations.fuel", "pk": 8, "fields": {"name": "A-92", "price": "52.18"}}, {"model": "stations.fuel", "pk": 9, "fields": {"name": "ДП", "price": "54.48"}}, {"model": "stations.fuel", "pk": 10, "fields": {"name": "Газ", "price": "35.91"}}, {"model": "stations.station", "pk": 12, "fields": {"address": "Вулиця Валентинівська, 2а, Харків, Харківська область", "image": "station-images/03741b21-8a90-11ee-b07a-1c1b0d73887c.jpg", "managers": [1, 6, 7]}}, {"model": "stations.station", "pk": 13, "fields": {"address": "Вулиця Матюшенка, 13, Харків, Харківська область", "image": "station-images/0bc88e77-8a90-11ee-a0c3-1c1b0d73887c.jpg", "managers": [1, 4, 5]}}, {"model": "stations.station", "pk": 14, "fields": {"address": "Проспект Льва Ландау, 155б, Харків, Харківська область", "image": "station-images/efbceb90-8a8f-11ee-88fb-1c1b0d73887c.jpg", "managers": [1, 4, 6]}}, {"model": "stations.discount", "pk": 3, "fields": {"description": "Manager Discount", "discount": "10.00", "is_active": false}}, {"model": "stations.discount", "pk": 4, "fields": {"description": "Regular Customer Discount", "discount": "5.00", "is_active": true}}, {"model": "stations.discount", "pk": 5, "fields": {"description": "Special Offer Discount", "discount": "15.00", "is_active": true}}, {"model": "stations.transaction", "pk": 11, "fields": {"date": "2023-11-24T06:07:58.246Z", "fuel": 6, "amount": "12.90", "station": 13, "total": "745.23", "discount": 3, "discount_total": "0.00"}}, {"model": "stations.transaction", "pk": 12, "fields": {"date": "2023-11-24T06:07:58.248Z", "fuel": 10, "amount": "27.64", "station": 13, "total": "942.92", "discount": 4, "discount_total": "49.63"}}, {"model": "stations.transaction", "pk": 13, "fields": {"date": "2023-11-24T06:07:58.249Z", "fuel": 8, "amount": "16.59", "station": 13, "total": "822.38", "discount": 4, "discount_total": "43.28"}}, {"model": "stations.transaction", "pk": 14, "fields": {"date": "2023-11-24T06:07:58.250Z", "fuel": 9, "amount": "16.97", "station": 13, "total": "878.30", "discount": 4, "discount_total": "46.23"}}, {"model": "stations.transaction", "pk": 15, "fields": {"date": "2023-11-24T06:07:58.252Z", "fuel": 9, "amount": "14.16", "station": 13, "total": "771.44", "discount": 3, "discount_total": "0.00"}}, {"model": "stations.transaction", "pk": 16, "fields": {"date": "2023-11-24T06:07:58.253Z", "fuel": 8, "amount": "13.55", "station": 14, "total": "600.98", "discount": 5, "discount_total": "106.06"}}, {"model": "stations.transaction", "pk": 17, "fields": {"date": "2023-11-24T06:07:58.254Z", "fuel": 9, "amount": "19.88", "station": 14, "total": "1028.91", "discount": 4, "discount_total": "54.15"}}, {"model": "stations.transaction", "pk": 18, "fields": {"date": "2023-11-24T06:07:58.255Z", "fuel": 9, "amount": "24.46", "station": 12, "total": "1332.58", "discount": 3, "discount_total": "0.00"}}, {"model": "stations.transaction", "pk": 19, "fields": {"date": "2023-11-24T06:07:58.255Z", "fuel": 9, "amount": "12.91", "station": 12, "total": "597.84", "discount": 5, "discount_total": "105.50"}}, {"model": "stations.transaction", "pk": 20, "fields": {"date": "2023-11-24T06:07:58.256Z", "fuel": 10, "amount": "26.93", "station": 13, "total": "918.70", "discount": 4, "discount_total": "48.35"}}, {"model": "stations.transaction", "pk": 21, "fields": {"date": "2023-11-24T06:07:58.257Z", "fuel": 8, "amount": "9.58", "station": 14, "total": "499.88", "discount": 3, "discount_total": "0.00"}}, {"model": "stations.transaction", "pk": 22, "fields": {"date": "2023-11-24T06:07:58.258Z", "fuel": 7, "amount": "27.71", "station": 12, "total": "1286.49", "discount": 5, "discount_total": "227.03"}}, {"model": "stations.transaction", "pk": 23, "fields": {"date": "2023-11-24T06:07:58.259Z", "fuel": 6, "amount": "15.02", "station": 14, "total": "824.32", "discount": 4, "discount_total": "43.39"}}, {"model": "stations.transaction", "pk": 24, "fields": {"date": "2023-11-24T06:07:58.259Z", "fuel": 9, "amount": "7.67", "station": 14, "total": "355.18", "discount": 5, "discount_total": "62.68"}}, {"model": "stations.transaction", "pk": 25, "fields": {"date": "2023-11-24T06:07:58.260Z", "fuel": 10, "amount": "18.24", "station": 14, "total": "655.00", "discount": 3, "discount_total": "0.00"}}, {"model": "stations.transaction", "pk": 26, "fields": {"date": "2023-11-24T06:07:58.261Z", "fuel": 7, "amount": "11.09", "station": 13, "total": "605.74", "discount": 3, "discount_total": "0.00"}}, {"model": "stations.transaction", "pk": 27, "fields": {"date": "2023-11-24T06:07:58.261Z", "fuel": 10, "amount": "9.53", "station": 14, "total": "325.11", "discount": 4, "discount_total": "17.11"}}, {"model": "stations.transaction", "pk": 28, "fields": {"date": "2023-11-24T06:07:58.262Z", "fuel": 9, "amount": "27.08", "station": 14, "total": "1475.32", "discount": 3, "discount_total": "0.00"}}, {"model": "stations.transaction", "pk": 29, "fields": {"date": "2023-11-24T06:07:58.262Z", "fuel": 8, "amount": "20.19", "station": 12, "total": "1053.51", "discount": 3, "discount_total": "0.00"}}, {"model": "stations.transaction", "pk": 30, "fields": {"date": "2023-11-24T06:07:58.263Z", "fuel": 8, "amount": "8.92", "station": 14, "total": "395.63", "discount": 5, "discount_total": "69.82"}}, {"model": "stations.transaction", "pk": 31, "fields": {"date": "2023-11-24T06:07:58.264Z", "fuel": 9, "amount": "16.84", "station": 13, "total": "871.57", "discount": 4, "discount_total": "45.87"}}, {"model": "stations.transaction", "pk": 32, "fields": {"date": "2023-11-24T06:07:58.264Z", "fuel": 10, "amount": "19.20", "station": 12, "total": "689.47", "discount": 3, "discount_total": "0.00"}}, {"model": "stations.transaction", "pk": 33, "fields": {"date": "2023-11-24T06:07:58.265Z", "fuel": 9, "amount": "7.67", "station": 14, "total": "396.97", "discount": 4, "discount_total": "20.89"}}, {"model": "stations.transaction", "pk": 34, "fields": {"date": "2023-11-24T06:07:58.265Z", "fuel": 8, "amount": "14.01", "station": 13, "total": "731.04", "discount": 3, "discount_total": "0.00"}}, {"model": "stations.transaction", "pk": 35, "fields": {"date": "2023-11-24T06:07:58.266Z", "fuel": 10, "amount": "28.77", "station": 14, "total": "981.47", "discount": 4, "discount_total": "51.66"}}, {"model": "stations.transaction", "pk": 36, "fields": {"date": "2023-11-24T06:07:58.267Z", "fuel": 9, "amount": "18.02", "station": 12, "total": "981.73", "discount": 3, "discount_total": "0.00"}}, {"model": "stations.transaction", "pk": 37, "fields": {"date": "2023-11-24T06:07:58.268Z", "fuel": 9, "amount": "17.86", "station": 12, "total": "924.36", "discount": 4, "discount_total": "48.65"}}, {"model": "stations.transaction", "pk": 38, "fields": {"date": "2023-11-24T06:07:58.269Z", "fuel": 8, "amount": "20.93", "station": 12, "total": "928.31", "discount": 5, "discount_total": "163.82"}}, {"model": "stations.transaction", "pk": 39, "fields": {"date": "2023-11-24T06:07:58.270Z", "fuel": 7, "amount": "7.50", "station": 12, "total": "389.17", "discount": 4, "discount_total": "20.48"}}, {"model": "stations.transaction", "pk": 40, "fields": {"date": "2023-11-24T06:07:58.270Z", "fuel": 7, "amount": "15.98", "station": 12, "total": "741.90", "discount": 5, "discount_total": "130.92"}}, {"model": "stations.transaction", "pk": 41, "fields": {"date": "2023-11-24T06:07:58.271Z", "fuel": 7, "amount": "13.04", "station": 13, "total": "712.24", "discount": 3, "discount_total": "0.00"}}, {"model": "stations.transaction", "pk": 42, "fields": {"date": "2023-11-24T06:07:58.271Z", "fuel": 9, "amount": "15.73", "station": 13, "total": "814.12", "discount": 4, "discount_total": "42.85"}}, {"model": "stations.transaction", "pk": 43, "fields": {"date": "2023-11-24T06:07:58.272Z", "fuel": 10, "amount": "20.78", "station": 13, "total": "634.28", "discount": 5, "discount_total": "111.93"}}, {"model": "stations.transaction", "pk": 44, "fields": {"date": "2023-11-24T06:07:58.272Z", "fuel": 6, "amount": "6.16", "station": 13, "total": "355.86", "discount": 3, "discount_total": "0.00"}}, {"model": "stations.transaction", "pk": 45, "fields": {"date": "2023-11-24T06:07:58.273Z", "fuel": 8, "amount": "26.90", "station": 14, "total": "1333.46", "discount": 4, "discount_total": "70.18"}}, {"model": "stations.transaction", "pk": 46, "fields": {"date": "2023-11-24T06:07:58.273Z", "fuel": 10, "amount": "27.49", "station": 13, "total": "839.09", "discount": 5, "discount_total": "148.07"}}, {"model": "stations.transaction", "pk": 47, "fields": {"date": "2023-11-24T06:07:58.274Z", "fuel": 7, "amount": "17.09", "station": 14, "total": "933.46", "discount": 3, "discount_total": "0.00"}}, {"model": "stations.transaction", "pk": 48, "fields": {"date": "2023-11-24T06:07:58.275Z", "fuel": 9, "amount": "6.51", "station": 13, "total": "301.47", "discount": 5, "discount_total": "53.20"}}, {"model": "stations.transaction", "pk": 49, "fields": {"date": "2023-11-24T06:07:58.275Z", "fuel": 9, "amount": "28.98", "station": 12, "total": "1578.83", "discount": 3, "discount_total": "0.00"}}, {"model": "stations.transaction", "pk": 50, "fields": {"date": "2023-11-24T06:07:58.276Z", "fuel": 6, "amount": "6.88", "station": 13, "total": "337.84", "discount": 5, "discount_total": "59.62"}}, {"model": "stations.transaction", "pk": 51, "fields": {"date": "2023-11-24T06:07:58.277Z", "fuel": 9, "amount": "9.88", "station": 14, "total": "457.52", "discount": 5, "discount_total": "80.74"}}, {"model": "stations.transaction", "pk": 52, "fields": {"date": "2023-11-24T06:07:58.277Z", "fuel": 10, "amount": "11.11", "station": 12, "total": "398.96", "discount": 3, "discount_total": "0.00"}}, {"model": "stations.transaction", "pk": 53, "fields": {"date": "2023-11-24T06:07:58.278Z", "fuel": 10, "amount": "20.86", "station": 12, "total": "749.08", "discount": 3, "discount_total": "0.00"}}, {"model": "stations.transaction", "pk": 54, "fields": {"date": "2023-11-24T06:07:58.278Z", "fuel": 9, "amount": "19.47", "station": 12, "total": "1060.73", "discount": 3, "discount_total": "0.00"}}, {"model": "stations.transaction", "pk": 55, "fields": {"date": "2023-11-24T06:07:58.279Z", "fuel": 10, "amount": "10.67", "station": 14, "total": "364.00", "discount": 4, "discount_total": "19.16"}}, {"model": "stations.transaction", "pk": 56, "fields": {"date": "2023-11-24T06:07:58.279Z", "fuel": 9, "amount": "28.36", "station": 12, "total": "1545.05", "discount": 3, "discount_total": "0.00"}}, {"model": "stations.transaction", "pk": 57, "fields": {"date": "2023-11-24T06:07:58.280Z", "fuel": 7, "amount": "29.47", "station": 13, "total": "1609.65", "discount": 3, "discount_total": "0.00"}}, {"model": "stations.transaction", "pk": 58, "fields": {"date": "2023-11-24T06:07:58.280Z", "fuel": 9, "amount": "12.33", "station": 14, "total": "671.74", "discount": 3, "discount_total": "0.00"}}, {"model": "stations.transaction", "pk": 59, "fields": {"date": "2023-11-24T06:07:58.281Z", "fuel": 10, "amount": "22.94", "station": 12, "total": "782.59", "discount": 4, "discount_total": "41.19"}}, {"model": "stations.transaction", "pk": 60, "fields": {"date": "2023-11-24T06:07:58.281Z", "fuel": 10, "amount": "14.64", "station": 14, "total": "446.86", "discount": 5, "discount_total": "78.86"}}, {"model": "stations.transaction", "pk": 61, "fields": {"date": "2023-11-24T06:07:59.674Z", "fuel": 10, "amount": "7.05", "station": 12, "total": "240.51", "discount": 4, "discount_total": "12.66"}}, {"model": "stations.transaction", "pk": 62, "fields": {"date": "2023-11-24T06:07:59.676Z", "fuel": 7, "amount": "13.26", "station": 14, "total": "688.05", "discount": 4, "discount_total": "36.21"}}, {"model": "stations.transaction", "pk": 63, "fields": {"date": "2023-11-24T06:07:59.677Z", "fuel": 7, "amount": "23.13", "station": 12, "total": "1263.36", "discount": 3, "discount_total": "0.00"}}, {"model": "stations.transaction", "pk": 64, "fields": {"date": "2023-11-24T06:07:59.678Z", "fuel": 6, "amount": "16.34", "station": 14, "total": "896.76", "discount": 4, "discount_total": "47.20"}}, {"model": "stations.transaction", "pk": 65, "fields": {"date": "2023-11-24T06:07:59.678Z", "fuel": 6, "amount": "11.12", "station": 13, "total": "642.40", "discount": 3, "discount_total": "0.00"}}, {"model": "stations.transaction", "pk": 66, "fields": {"date": "2023-11-24T06:07:59.679Z", "fuel": 8, "amount": "25.04", "station": 13, "total": "1110.60", "discount": 5, "discount_total": "195.99"}}, {"model": "stations.transaction", "pk": 67, "fields": {"date": "2023-11-24T06:07:59.680Z", "fuel": 7, "amount": "13.28", "station": 13, "total": "725.35", "discount": 3, "discount_total": "0.00"}}, {"model": "stations.transaction", "pk": 68, "fields": {"date": "2023-11-24T06:07:59.680Z", "fuel": 7, "amount": "11.46", "station": 12, "total": "594.65", "discount": 4, "discount_total": "31.30"}}, {"model": "stations.transaction", "pk": 69, "fields": {"date": "2023-11-24T06:07:59.681Z", "fuel": 9, "amount": "19.61", "station": 13, "total": "1014.94", "discount": 4, "discount_total": "53.42"}}, {"model": "stations.transaction", "pk": 70, "fields": {"date": "2023-11-24T06:07:59.682Z", "fuel": 7, "amount": "24.92", "station": 14, "total": "1361.13", "discount": 3, "discount_total": "0.00"}}, {"model": "stations.transaction", "pk": 71, "fields": {"date": "2023-11-24T06:07:59.682Z", "fuel": 10, "amount": "18.97", "station": 13, "total": "579.03", "discount": 5, "discount_total": "102.18"}}, {"model": "stations.transaction", "pk": 72, "fields": {"date": "2023-11-24T06:07:59.683Z", "fuel": 8, "amount": "19.42", "station": 13, "total": "861.34", "discount": 5, "discount_total": "152.00"}}, {"model": "stations.transaction", "pk": 73, "fields": {"date": "2023-11-24T06:07:59.683Z", "fuel": 7, "amount": "21.55", "station": 12, "total": "1118.21", "discount": 4, "discount_total": "58.85"}}, {"model": "stations.transaction", "pk": 74, "fields": {"date": "2023-11-24T06:07:59.686Z", "fuel": 9, "amount": "23.81", "station": 14, "total": "1102.59", "discount": 5, "discount_total": "194.58"}}, {"model": "stations.transaction", "pk": 75, "fields": {"date": "2023-11-24T06:07:59.687Z", "fuel": 9, "amount": "17.89", "station": 14, "total": "974.65", "discount": 3, "discount_total": "0.00"}}, {"model": "stations.transaction", "pk": 76, "fields": {"date": "2023-11-24T06:07:59.687Z", "fuel": 10, "amount": "27.41", "station": 14, "total": "935.08", "discount": 4, "discount_total": "49.21"}}, {"model": "stations.transaction", "pk": 77, "fields": {"date": "2023-11-24T06:07:59.688Z", "fuel": 6, "amount": "27.38", "station": 12, "total": "1502.66", "discount": 4, "discount_total": "79.09"}}, {"model": "stations.transaction", "pk": 78, "fields": {"date": "2023-11-24T06:07:59.689Z", "fuel": 9, "amount": "29.05", "station": 12, "total": "1345.25", "discount": 5, "discount_total": "237.40"}}, {"model": "stations.transaction", "pk": 79, "fields": {"date": "2023-11-24T06:07:59.690Z", "fuel": 6, "amount": "23.34", "station": 12, "total": "1146.10", "discount": 5, "discount_total": "202.25"}}, {"model": "stations.transaction", "pk": 80, "fields": {"date": "2023-11-24T06:07:59.691Z", "fuel": 6, "amount": "23.22", "station": 12, "total": "1274.35", "discount": 4, "discount_total": "67.07"}}, {"model": "stations.transaction", "pk": 81, "fields": {"date": "2023-11-24T06:07:59.691Z", "fuel": 7, "amount": "15.50", "station": 12, "total": "804.28", "discount": 4, "discount_total": "42.33"}}, {"model": "stations.transaction", "pk": 82, "fields": {"date": "2023-11-24T06:07:59.692Z", "fuel": 9, "amount": "8.77", "station": 13, "total": "477.79", "discount": 3, "discount_total": "0.00"}}, {"model": "stations.transaction", "pk": 83, "fields": {"date": "2023-11-24T06:07:59.693Z", "fuel": 9, "amount": "15.97", "station": 14, "total": "870.05", "discount": 3, "discount_total": "0.00"}}, {"model": "stations.transaction", "pk": 84, "fields": {"date": "2023-11-24T06:07:59.693Z", "fuel": 7, "amount": "8.97", "station": 13, "total": "489.94", "discount": 3, "discount_total": "0.00"}}, {"model": "stations.transaction", "pk": 85, "fields": {"date": "2023-11-24T06:07:59.694Z", "fuel": 8, "amount": "8.59", "station": 12, "total": "425.81", "discount": 4, "discount_total": "22.41"}}, {"model": "stations.transaction", "pk": 86, "fields": {"date": "2023-11-24T06:07:59.695Z", "fuel": 9, "amount": "8.96", "station": 14, "total": "463.73", "discount": 4, "discount_total": "24.41"}}, {"model": "stations.transaction", "pk": 87, "fields": {"date": "2023-11-24T06:07:59.695Z", "fuel": 9, "amount": "17.07", "station": 12, "total": "929.97", "discount": 3, "discount_total": "0.00"}}, {"model": "stations.transaction", "pk": 88, "fields": {"date": "2023-11-24T06:07:59.696Z", "fuel": 9, "amount": "22.41", "station": 13, "total": "1220.90", "discount": 3, "discount_total": "0.00"}}, {"model": "stations.transaction", "pk": 89, "fields": {"date": "2023-11-24T06:07:59.696Z", "fuel": 9, "amount": "24.89", "station": 14, "total": "1152.61", "discount": 5, "discount_total": "203.40"}}, {"model": "stations.transaction", "pk": 90, "fields": {"date": "2023-11-24T06:07:59.697Z", "fuel": 10, "amount": "15.89", "station": 14, "total": "570.61", "discount": 3, "discount_total": "0.00"}}, {"model": "stations.transaction", "pk": 91, "fields": {"date": "2023-11-24T06:07:59.698Z", "fuel": 9, "amount": "28.39", "station": 12, "total": "1469.35", "discount": 4, "discount_total": "77.33"}}, {"model": "stations.transaction", "pk": 92, "fields": {"date": "2023-11-24T06:07:59.698Z", "fuel": 10, "amount": "7.86", "station": 14, "total": "268.14", "discount": 4, "discount_total": "14.11"}}, {"model": "stations.transaction", "pk": 93, "fields": {"date": "2023-11-24T06:07:59.699Z", "fuel": 7, "amount": "12.88", "station": 12, "total": "668.33", "discount": 4, "discount_total": "35.18"}}, {"model": "stations.transaction", "pk": 94, "fields": {"date": "2023-11-24T06:07:59.700Z", "fuel": 8, "amount": "9.76", "station": 14, "total": "483.81", "discount": 4, "discount_total": "25.46"}}, {"model": "stations.transaction", "pk": 95, "fields": {"date": "2023-11-24T06:07:59.700Z", "fuel": 10, "amount": "18.33", "station": 12, "total": "658.23", "discount": 3, "discount_total": "0.00"}}, {"model": "stations.transaction", "pk": 96, "fields": {"date": "2023-11-24T06:07:59.701Z", "fuel": 9, "amount": "11.42", "station": 13, "total": "591.05", "discount": 4, "discount_total": "31.11"}}, {"model": "stations.transaction", "pk": 97, "fields": {"date": "2023-11-24T06:07:59.702Z", "fuel": 6, "amount": "29.05", "station": 12, "total": "1678.22", "discount": 3, "discount_total": "0.00"}}, {"model": "stations.transaction", "pk": 98, "fields": {"date": "2023-11-24T06:07:59.703Z", "fuel": 6, "amount": "9.80", "station": 13, "total": "566.15", "discount": 3, "discount_total": "0.00"}}, {"model": "stations.transaction", "pk": 99, "fields": {"date": "2023-11-24T06:07:59.704Z", "fuel": 7, "amount": "28.44", "station": 13, "total": "1475.72", "discount": 4, "discount_total": "77.67"}}, {"model": "stations.transaction", "pk": 100, "fields": {"date": "2023-11-24T06:07:59.704Z", "fuel": 10, "amount": "10.83", "station": 13, "total": "388.91", "discount": 3, "discount_total": "0.00"}}, {"model": "stations.transaction", "pk": 101, "fields": {"date": "2023-11-24T06:07:59.705Z", "fuel": 9, "amount": "14.63", "station": 14, "total": "677.49", "discount": 5, "discount_total": "119.56"}}, {"model": "stations.transaction", "pk": 102, "fields": {"date": "2023-11-24T06:07:59.706Z", "fuel": 7, "amount": "10.80", "station": 14, "total": "560.40", "discount": 4, "discount_total": "29.49"}}, {"model": "stations.transaction", "pk": 103, "fields": {"date": "2023-11-24T06:07:59.706Z", "fuel": 8, "amount": "5.51", "station": 14, "total": "287.51", "discount": 3, "discount_total": "0.00"}}, {"model": "stations.transaction", "pk": 104, "fields": {"date": "2023-11-24T06:07:59.707Z", "fuel": 10, "amount": "22.93", "station": 12, "total": "699.90", "discount": 5, "discount_total": "123.51"}}, {"model": "stations.transaction", "pk": 105, "fields": {"date": "2023-11-24T06:07:59.707Z", "fuel": 9, "amount": "10.65", "station": 14, "total": "580.21", "discount": 3, "discount_total": "0.00"}}, {"model": "stations.transaction", "pk": 106, "fields": {"date": "2023-11-24T06:07:59.708Z", "fuel": 8, "amount": "11.66", "station": 12, "total": "608.42", "discount": 3, "discount_total": "0.00"}}, {"model": "stations.transaction", "pk": 107, "fields": {"date": "2023-11-24T06:07:59.709Z", "fuel": 8, "amount": "12.74", "station": 13, "total": "565.06", "discount": 5, "discount_total": "99.72"}}, {"model": "stations.transaction", "pk": 108, "fields": {"date": "2023-11-24T06:07:59.710Z", "fuel": 7, "amount": "19.61", "station": 13, "total": "1017.54", "discount": 4, "discount_total": "53.55"}}, {"model": "stations.transaction", "pk": 109, "fields": {"date": "2023-11-24T06:07:59.710Z", "fuel": 10, "amount": "10.26", "station": 13, "total": "350.01", "discount": 4, "discount_total": "18.42"}}, {"model": "stations.transaction", "pk": 110, "fields": {"date": "2023-11-24T06:07:59.711Z", "fuel": 6, "amount": "5.17", "station": 14, "total": "283.74", "discount": 4, "discount_total": "14.93"}}]